distance,towns
32, Darjeeling Tumbling Gairibus BhikeBhanja Sandakphu
32, Darjeeling Tumbling Gairibus BhikeBhanja Sandakphu
32, Darjeeling Tumbling Gairibus BhikeBhanja Sandakphu
32, Darjeeling Tumbling Gairibus BhikeBhanja Sandakphu
32, Darjeeling Tumbling Gairibus BhikeBhanja Sandakphu
32, Darjeeling Tumbling Gairibus BhikeBhanja Sandakphu
32, Darjeeling Tumbling Gairibus BhikeBhanja Sandakphu
32, Darjeeling Tumbling Gairibus BhikeBhanja Sandakphu
32, Darjeeling Tumbling Gairibus BhikeBhanja Sandakphu
32, Darjeeling Tumbling Gairibus BhikeBhanja Sandakphu
32, Darjeeling Tumbling Gairibus BhikeBhanja Sandakphu
32, Darjeeling Tumbling Gairibus BhikeBhanja Sandakphu
32, Darjeeling Tumbling Gairibus BhikeBhanja Sandakphu
32, Darjeeling Tumbling Gairibus BhikeBhanja Sandakphu
32, Darjeeling Tumbling Gairibus BhikeBhanja Sandakphu
32, Darjeeling Tumbling Gairibus BhikeBhanja Sandakphu
32, Darjeeling Tumbling Gairibus BhikeBhanja Sandakphu
32, Darjeeling Tumbling Gairibus BhikeBhanja Sandakphu
37, Darjeeling Rimbik BhikeBhanja Sandakphu
37, Darjeeling Rimbik Sirikhola Gurdum Sandakphu
37, Darjeeling Rimbik Sirikhola Gurdum Sandakphu
37, Darjeeling Rimbik Sirikhola Gurdum Sandakphu
37, Darjeeling Rimbik Sirikhola Gurdum Sandakphu
37, Darjeeling Rimbik Sirikhola Gurdum Sandakphu
37, Darjeeling Rimbik Sirikhola Gurdum Sandakphu
37, Darjeeling Rimbik Sirikhola Gurdum Sandakphu
37, Darjeeling Rimbik Sirikhola Gurdum Sandakphu
37, Darjeeling Rimbik BhikeBhanja Sandakphu
37, Darjeeling Rimbik Sirikhola Gurdum Sandakphu
37, Darjeeling Rimbik Sirikhola Gurdum Sandakphu
37, Darjeeling Rimbik Sirikhola Gurdum Sandakphu
37, Darjeeling Rimbik Sirikhola Gurdum Sandakphu
37, Darjeeling Rimbik Sirikhola Gurdum Sandakphu
37, Darjeeling Rimbik Sirikhola Gurdum Sandakphu
37, Darjeeling Rimbik Sirikhola Gurdum Sandakphu
37, Darjeeling Rimbik Sirikhola Gurdum Sandakphu
37, Darjeeling Rimbik BhikeBhanja Sandakphu
37, Darjeeling Rimbik Sirikhola Gurdum Sandakphu
37, Darjeeling Rimbik Sirikhola Gurdum Sandakphu
37, Darjeeling Rimbik Sirikhola Gurdum Sandakphu
37, Darjeeling Rimbik Sirikhola Gurdum Sandakphu
37, Darjeeling Rimbik Sirikhola Gurdum Sandakphu
37, Darjeeling Rimbik Sirikhola Gurdum Sandakphu
37, Darjeeling Rimbik Sirikhola Gurdum Sandakphu
37, Darjeeling Rimbik Sirikhola Gurdum Sandakphu
44, Darjeeling Rimbik Tumbling Gairibus BhikeBhanja Sandakphu
44, Darjeeling Rimbik Tumbling Gairibus BhikeBhanja Sandakphu
44, Darjeeling Rimbik Tumbling Gairibus BhikeBhanja Sandakphu
44, Darjeeling Rimbik Tumbling Gairibus BhikeBhanja Sandakphu
44, Darjeeling Rimbik Tumbling Gairibus BhikeBhanja Sandakphu
44, Darjeeling Rimbik Tumbling Gairibus BhikeBhanja Sandakphu
44, Darjeeling Rimbik Tumbling Gairibus BhikeBhanja Sandakphu
44, Darjeeling Rimbik Tumbling Gairibus BhikeBhanja Sandakphu
44, Darjeeling Rimbik Tumbling Gairibus BhikeBhanja Sandakphu
44, Darjeeling Rimbik Tumbling Gairibus BhikeBhanja Sandakphu
44, Darjeeling Rimbik Tumbling Gairibus BhikeBhanja Sandakphu
44, Darjeeling Rimbik Tumbling Gairibus BhikeBhanja Sandakphu
44, Darjeeling Rimbik Tumbling Gairibus BhikeBhanja Sandakphu
44, Darjeeling Rimbik Tumbling Gairibus BhikeBhanja Sandakphu
44, Darjeeling Rimbik Tumbling Gairibus BhikeBhanja Sandakphu
44, Darjeeling Rimbik Tumbling Gairibus BhikeBhanja Sandakphu
44, Darjeeling Rimbik Tumbling Gairibus BhikeBhanja Sandakphu
44, Darjeeling Rimbik Tumbling Gairibus BhikeBhanja Sandakphu
44, Darjeeling Rimbik Tumbling Gairibus BhikeBhanja Sandakphu
44, Darjeeling Rimbik Tumbling Gairibus BhikeBhanja Sandakphu
44, Darjeeling Rimbik Tumbling Gairibus BhikeBhanja Sandakphu
44, Darjeeling Rimbik Tumbling Gairibus BhikeBhanja Sandakphu
44, Darjeeling Rimbik Tumbling Gairibus BhikeBhanja Sandakphu
44, Darjeeling Rimbik Tumbling Gairibus BhikeBhanja Sandakphu
44, Darjeeling Rimbik Tumbling Gairibus BhikeBhanja Sandakphu
44, Darjeeling Rimbik Tumbling Gairibus BhikeBhanja Sandakphu
44, Darjeeling Rimbik Tumbling Gairibus BhikeBhanja Sandakphu
48, Darjeeling Rimbik Sirikhola Rammam Gurdum Sandakphu
48, Darjeeling Rimbik Sirikhola Rammam Gurdum Sandakphu
48, Darjeeling Rimbik Sirikhola Rammam Gurdum Sandakphu
48, Darjeeling Rimbik Sirikhola Rammam Gurdum Sandakphu
48, Darjeeling Rimbik Sirikhola Rammam Gurdum Sandakphu
48, Darjeeling Rimbik Sirikhola Rammam Gurdum Sandakphu
48, Darjeeling Rimbik Sirikhola Rammam Gurdum Sandakphu
48, Darjeeling Rimbik Sirikhola Rammam Gurdum Sandakphu
48, Darjeeling Rimbik Sirikhola Rammam Gurdum Sandakphu
48, Darjeeling Rimbik Sirikhola Rammam Gurdum Sandakphu
48, Darjeeling Rimbik Sirikhola Rammam Gurdum Sandakphu
48, Darjeeling Rimbik Sirikhola Rammam Gurdum Sandakphu
48, Darjeeling Rimbik Sirikhola Rammam Gurdum Sandakphu
48, Darjeeling Rimbik Sirikhola Rammam Gurdum Sandakphu
48, Darjeeling Rimbik Sirikhola Rammam Gurdum Sandakphu
48, Darjeeling Rimbik Sirikhola Rammam Gurdum Sandakphu
48, Darjeeling Rimbik Sirikhola Rammam Gurdum Sandakphu
48, Darjeeling Rimbik Sirikhola Rammam Gurdum Sandakphu
48, Darjeeling Rimbik Sirikhola Rammam Gurdum Sandakphu
48, Darjeeling Rimbik Sirikhola Rammam Gurdum Sandakphu
48, Darjeeling Rimbik Sirikhola Rammam Gurdum Sandakphu
48, Darjeeling Rimbik Sirikhola Rammam Gurdum Sandakphu
48, Darjeeling Rimbik Sirikhola Rammam Gurdum Sandakphu
48, Darjeeling Rimbik Sirikhola Rammam Gurdum Sandakphu
48, Darjeeling Rimbik Sirikhola Rammam Gurdum Sandakphu
48, Darjeeling Rimbik Sirikhola Rammam Gurdum Sandakphu
48, Darjeeling Rimbik Sirikhola Rammam Gurdum Sandakphu
48, Darjeeling Rimbik Sirikhola Rammam Gurdum Sandakphu
48, Darjeeling Rimbik Sirikhola Rammam Gurdum Sandakphu
48, Darjeeling Rimbik Sirikhola Rammam Gurdum Sandakphu
48, Darjeeling Rimbik Sirikhola Rammam Gurdum Sandakphu
48, Darjeeling Rimbik Sirikhola Rammam Gurdum Sandakphu
48, Darjeeling Rimbik Sirikhola Rammam Gurdum Sandakphu
48, Darjeeling Rimbik Sirikhola Rammam Gurdum Sandakphu
48, Darjeeling Rimbik Sirikhola Rammam Gurdum Sandakphu
48, Darjeeling Rimbik Sirikhola Rammam Gurdum Sandakphu
48, Darjeeling Rimbik Sirikhola Rammam Gurdum Sandakphu
48, Darjeeling Rimbik Sirikhola Rammam Gurdum Sandakphu
48, Darjeeling Rimbik Sirikhola Rammam Gurdum Sandakphu
48, Darjeeling Rimbik Sirikhola Rammam Gurdum Sandakphu
48, Darjeeling Rimbik Sirikhola Rammam Gurdum Sandakphu
48, Darjeeling Rimbik Sirikhola Rammam Gurdum Sandakphu
48, Darjeeling Rimbik Sirikhola Rammam Gurdum Sandakphu
48, Darjeeling Rimbik Sirikhola Rammam Gurdum Sandakphu
48, Darjeeling Rimbik Sirikhola Rammam Gurdum Sandakphu
48, Darjeeling Rimbik Sirikhola Rammam Gurdum Sandakphu
48, Darjeeling Rimbik Sirikhola Rammam Gurdum Sandakphu
48, Darjeeling Rimbik Sirikhola Rammam Gurdum Sandakphu
48, Darjeeling Rimbik Sirikhola Rammam Gurdum Sandakphu
48, Darjeeling Rimbik Sirikhola Rammam Gurdum Sandakphu
48, Darjeeling Rimbik Sirikhola Rammam Gurdum Sandakphu
48, Darjeeling Rimbik Sirikhola Rammam Gurdum Sandakphu
48, Darjeeling Rimbik Sirikhola Rammam Gurdum Sandakphu
48, Darjeeling Rimbik Sirikhola Rammam Gurdum Sandakphu
48, Darjeeling Rimbik Sirikhola Rammam Gurdum Sandakphu
48, Darjeeling Rimbik Sirikhola Rammam Gurdum Sandakphu
48, Darjeeling Rimbik Sirikhola Rammam Gurdum Sandakphu
48, Darjeeling Rimbik Sirikhola Rammam Gurdum Sandakphu
48, Darjeeling Rimbik Sirikhola Rammam Gurdum Sandakphu
48, Darjeeling Rimbik Sirikhola Rammam Gurdum Sandakphu
48, Darjeeling Rimbik Sirikhola Rammam Gurdum Sandakphu
48, Darjeeling Rimbik Sirikhola Rammam Gurdum Sandakphu
48, Darjeeling Rimbik Sirikhola Rammam Gurdum Sandakphu
48, Darjeeling Rimbik Sirikhola Rammam Gurdum Sandakphu
48, Darjeeling Rimbik Sirikhola Rammam Gurdum Sandakphu
48, Darjeeling Rimbik Sirikhola Rammam Gurdum Sandakphu
48, Darjeeling Rimbik Sirikhola Rammam Gurdum Sandakphu
48, Darjeeling Rimbik Sirikhola Rammam Gurdum Sandakphu
48, Darjeeling Rimbik Sirikhola Rammam Gurdum Sandakphu
48, Darjeeling Rimbik Sirikhola Rammam Gurdum Sandakphu
48, Darjeeling Rimbik Sirikhola Rammam Gurdum Sandakphu
48, Darjeeling Rimbik Sirikhola Rammam Gurdum Sandakphu
55, Darjeeling Rimbik Sirikhola Rammam Sabargram Sandakphu
55, Darjeeling Rimbik Sirikhola Rammam Sabargram Sandakphu
55, Darjeeling Rimbik Sirikhola Rammam Sabargram Sandakphu
55, Darjeeling Rimbik Sirikhola Rammam Sabargram Sandakphu
55, Darjeeling Rimbik Sirikhola Rammam Sabargram Sandakphu
55, Darjeeling Rimbik Sirikhola Rammam Sabargram Sandakphu
55, Darjeeling Rimbik Sirikhola Rammam Sabargram Sandakphu
55, Darjeeling Rimbik Sirikhola Rammam Sabargram Sandakphu
55, Darjeeling Rimbik Sirikhola Rammam Sabargram Sandakphu
55, Darjeeling Rimbik Sirikhola Rammam Sabargram Sandakphu
55, Darjeeling Rimbik Sirikhola Rammam Sabargram Sandakphu
55, Darjeeling Rimbik Sirikhola Rammam Sabargram Sandakphu